{
  "project_info": {
    "project_number": "252320902495",
    "firebase_url": "https://nerbeeapp-8f6cb.firebaseio.com",
    "project_id": "nerbeeapp-8f6cb",
    "storage_bucket": "nerbeeapp-8f6cb.appspot.com"
  },
  "client": [
    {
      "client_info": {
        "mobilesdk_app_id": "1:252320902495:android:7d7c9de018cb4590",
        "android_client_info": {
          "package_name": "com.teamCoret.nerb"
        }
      },
      "oauth_client": [
        {
          "client_id": "252320902495-qnhtq1rb5m2slvjrdv62ihbg48ct3pmj.apps.googleusercontent.com",
          "client_type": 3
        }
      ],
      "api_key": [
        {
          "current_key": "AIzaSyA7oXjdjJN3TG5-NYxc0JhXFjm2WAn5lVc"
        }
      ],
      "services": {
        "appinvite_service": {
          "other_platform_oauth_client": [
            {
              "client_id": "252320902495-qnhtq1rb5m2slvjrdv62ihbg48ct3pmj.apps.googleusercontent.com",
              "client_type": 3
            },
            {
              "client_id": "252320902495-hnp5ct3cipeqjslo8cog7p85clbmt0io.apps.googleusercontent.com",
              "client_type": 2,
              "ios_info": {
                "bundle_id": "com.teamCoret.nerb"
              }
            }
          ]
        }
      }
    }
  ],
  "configuration_version": "1"
}